,Concentration_ug_uL,Concentration_ug_uL,GA_wks,GA_wks,GA_wks,epoch,epoch,epoch,epoch,epoch,epoch,epoch,epoch,sex,sex,multiplegest,multiplegest,preeclampsia_gesthtn,preeclampsia_gesthtn,route_of_del,route_of_del,deliverysum,deliverysum,deliverysum,deliverysum,deliverysum,deliverysum,labor,labor,clinicalchorio,clinicalchorio,ps_riskcat,ps_riskcat,PROM,PROM
,mean,std,mean,std,median,countone,fxnone,counttwo,fxntwo,countthree,fxnthree,countfour,fxnfour,countposf,fxnposf,countpos,fxnpos,countpos,fxnpos,countpos,fxnpos,countzero,fxnzero,countone,fxnone,counttwo,fxntwo,countpos,fxnpos,countpos,fxnpos,countpos,fxnpos,countpos,fxnpos
sample_type,,,,,,,,,,,,,,,,,,,,,,,,,,,,,,,,,,,
Control,46.448933333333336,8.675096281821977,33.5758,4.461425159786482,33.71,30,20.0,40,26.666666666666668,40,26.666666666666668,40,26.666666666666668,72,48.0,45,30.0,34,22.666666666666664,73,48.66666666666667,77,51.33333333333333,42,28.000000000000004,31,20.666666666666668,119,79.33333333333333,1,0.6666666666666667,0,0.0,19,12.666666666666668
EOS,40.892857142857146,7.135938759408041,30.672857142857143,3.277018881125458,31.07,4,28.57142857142857,5,35.714285714285715,5,35.714285714285715,0,0.0,5,35.714285714285715,5,35.714285714285715,1,7.142857142857142,4,28.57142857142857,10,71.42857142857143,4,28.57142857142857,0,0.0,14,100.0,6,42.857142857142854,0,0.0,9,64.28571428571429
PS,40.58589285714286,7.970433951180441,30.89392857142857,2.9754710420499677,31.64,14,25.0,26,46.42857142857143,16,28.57142857142857,0,0.0,25,44.642857142857146,17,30.357142857142854,8,14.285714285714285,27,48.214285714285715,29,51.78571428571429,20,35.714285714285715,7,12.5,49,87.5,8,14.285714285714285,28,50.0,20,35.714285714285715
